{
  "project_info": {
    "project_number": "990519250752",
    "firebase_url": "https://blind-shope.firebaseio.com",
    "project_id": "blind-shope",
    "storage_bucket": "blind-shope.appspot.com"
  },
  "client": [
    {
      "client_info": {
        "mobilesdk_app_id": "1:990519250752:android:f58950fb2c78e273",
        "android_client_info": {
          "package_name": "com.skull1.hackathon1"
        }
      },
      "oauth_client": [
        {
          "client_id": "990519250752-ugr1e05eifhu854p5q3t6hk3c7dkvr5g.apps.googleusercontent.com",
          "client_type": 1,
          "android_info": {
            "package_name": "com.skull1.hackathon1",
            "certificate_hash": "504ba0cb42cd6d0dfe971312b41f45f41e2bde75"
          }
        },
        {
          "client_id": "990519250752-k7vogqm9j64fra48fk0r5672dap2sdfe.apps.googleusercontent.com",
          "client_type": 3
        }
      ],
      "api_key": [
        {
          "current_key": "AIzaSyCfQTnyjJydZUalDxO7nQp5zgu6jdkA4JI"
        }
      ],
      "services": {
        "appinvite_service": {
          "other_platform_oauth_client": [
            {
              "client_id": "990519250752-k7vogqm9j64fra48fk0r5672dap2sdfe.apps.googleusercontent.com",
              "client_type": 3
            }
          ]
        }
      }
    }
  ],
  "configuration_version": "1"
}